{"count":1,"gauges":{},"self":17.4602896,"total":20.623153,"children":{"AgentResetIfDone":{"count":978,"self":0.019856,"total":0.019856,"children":null},"AgentSendState":{"count":978,"self":0.044774,"total":0.06691699999999999,"children":{"CollectObservations":{"count":1176,"self":0.022143,"total":0.022143,"children":null}}},"DecideAction":{"count":978,"self":2.380772,"total":2.667452,"children":{"RayPerceptionSensor.Perceive":{"count":1176,"self":0.28668,"total":0.28668,"children":null}}},"AcademyStep":{"count":978,"self":0.0045969999999999995,"total":0.0045969999999999995,"children":null},"AgentAct":{"count":978,"self":0.402061,"total":0.402061,"children":null}}}