{"cameraMode":{"drawMode":0,"name":"Shaded","section":"Shading Mode"},"sceneLighting":false,"audioPlay":false,"sceneViewState":{"showFog":true,"showMaterialUpdate":true,"showSkybox":false,"showFlares":true,"showImageEffects":true,"showParticleSystems":true},"in2DMode":false,"pivot":{"x":-1.6905995607376099,"y":-95.83660125732422,"z":-95.0082015991211},"rotation":{"x":0.12870119512081147,"y":-0.8618320226669312,"z":0.40870222449302676,"w":0.2714459300041199},"size":259.7453308105469,"orthographic":false}