{"cameraMode":{"drawMode":0,"name":"Shaded","section":"Shading Mode"},"sceneLighting":false,"audioPlay":false,"sceneViewState":{"showFog":true,"showMaterialUpdate":true,"showSkybox":false,"showFlares":true,"showImageEffects":true,"showParticleSystems":true},"in2DMode":false,"pivot":{"x":7.086071014404297,"y":1.005500078201294,"z":-11.806758880615235},"rotation":{"x":0.07751018553972244,"y":-0.9197643399238586,"z":0.23271913826465608,"w":0.3064497709274292},"size":512.9821166992188,"orthographic":false}