{"cameraMode":{"drawMode":0,"name":"Shaded","section":"Shading Mode"},"sceneLighting":false,"audioPlay":false,"sceneViewState":{"showFog":true,"showMaterialUpdate":true,"showSkybox":false,"showFlares":true,"showImageEffects":true,"showParticleSystems":true},"in2DMode":false,"pivot":{"x":7.766805648803711,"y":0.34677863121032717,"z":-2.071211814880371},"rotation":{"x":0.14302246272563935,"y":-0.851189374923706,"z":0.4067850708961487,"w":0.2992953956127167},"size":40.93203353881836,"orthographic":false}