{"cameraMode":{"drawMode":0,"name":"Shaded","section":"Shading Mode"},"sceneLighting":true,"audioPlay":false,"sceneViewState":{"showFog":true,"showMaterialUpdate":true,"showSkybox":true,"showFlares":true,"showImageEffects":true,"showParticleSystems":true},"in2DMode":false,"pivot":{"x":-184.91983032226563,"y":-85.19271850585938,"z":-126.01309967041016},"rotation":{"x":0.06866882741451264,"y":-0.9313257932662964,"z":0.2520652711391449,"w":0.25384271144866946},"size":260.5339660644531,"orthographic":false}