{"cameraMode":{"drawMode":0,"name":"Shaded","section":"Shading Mode"},"sceneLighting":false,"audioPlay":false,"sceneViewState":{"showFog":true,"showMaterialUpdate":true,"showSkybox":false,"showFlares":true,"showImageEffects":true,"showParticleSystems":true},"in2DMode":false,"pivot":{"x":7.839546203613281,"y":-9.772705078125,"z":-2.6880874633789064},"rotation":{"x":0.24628609418869019,"y":-0.7470089793205261,"z":0.3750818073749542,"w":0.4906006455421448},"size":102.63034057617188,"orthographic":false}